Link,Title,Location,Salary,Summary
https://kr.indeed.com/viewjob?jk=c7d3e27d85495e80,Data Scientist,뱅크샐러드 서울 영등포구,,"기반 예측, 모델링 프로젝트 경험자 데이터 분석/모델링을 위한 언어 및 프레임워크 사용에 익숙하신 분 ( Python, R, SQL, Pandas, TensorFlow, Pytorch, Spark 등) 회사 내부 구성원들과..."
https://kr.indeed.com/viewjob?jk=368e303e15b6bdb7,AI Engineer,GE Appliances 경기도 성남,,"lite, TensorRT. 5+ years of programming experience in Python, C/C++ Experiences working on deep learning model optimization..."
https://kr.indeed.com/viewjob?jk=1b62babbbf2d717a,경험최적화 - 데이터 사이언티스트/분석가,Nexon 성남 분당구,,피처 탐색 등) - 게임 내 행동 패턴 로그 분석과 패턴 식별 및 이를 통한 서비스 개선 지원자격 - Python을 사용한 데이터 분석 및 모델 개발 경험 - 머신러닝 라이브러리 활용 경험 - 셀프 모티베이션과 원활한...
https://kr.indeed.com/viewjob?jk=da5d4dd560fb6f85,Data Scientist,Garrett Advancing Motion 경기도,,"System/Data Integration • High level programming skills ( Python, R, Matlab, C++ or Java) • Machine Learning Algorithms..."
https://kr.indeed.com/viewjob?jk=b86da88c2546f564,"Software Engineer, University Graduate",Google 4.3 서울,,"languages, including... limited to: Java, C/C++, Python, JavaScript, or Go. Experience working with one or more from..."
https://kr.indeed.com/viewjob?jk=5827e320d9e8fe58,모빌리티시스템 매니저,쏘카 제주도 제주,,경험이 있는 분 • 유관 부서와의 원활한 소통을 위한 기본적인 JSON 관리/쿼리 작성 능력을 갖춘 분 • Python을 능숙하게 사용할 수 있는 분 • 대용량 / 실시간 데이터 처리 아키텍처 구축과 관련된 직간접적인 경험을...
https://kr.indeed.com/viewjob?jk=08fbc3e510fbe320,"산업용 비전 처리 S/W 개발, AI 가속기 처리 S/W 개발 경력사원",여의시스템 성남 중원구,,모바일·게임>응용프로그래머>Visual C++(MFC·ATL)|인터넷·IT·통신·모바일·게임>응용프로그래머> Python|인터넷·IT·통신·모바일·게임>응용프로그래머>인공지능(AI)|인터넷·IT·통신·모바일·게임>빅데이터·AI...
https://kr.indeed.com/viewjob?jk=ee7bb11873ae75fa,[던전앤파이터] 리깅TA,네오플 제주도,,"리깅 구조를 설계하고 확장해 나갈수 있으신 분 - max script, python, mel, c# 중 한 가지 이상 사용가능하신 분 ※ 포트폴리오... 3D툴 사용경험이 있으신 분 - Python 툴 개발 경험이 있으신 분..."
https://kr.indeed.com/viewjob?jk=3a30d4c7e59435c7,제주 국제학교 영어교육도시 위치 컴퓨터 전문 교육기관,스마트에듀학원 서귀포 서귀포시,,"2년수료증 제출가능자- 컴퓨터 전공, 디자인전공자 우대- 엔트리, 스크래치 블럭코딩, PPT 강사 1명- Python, Java, C언어와 같은 프로그램 강사 1명- 포토샵, 일러스트, 프리미어 강사 1명- 디지털아트, 라인..."
https://kr.indeed.com/viewjob?jk=c71c1fa9e0d43937,악성코드 및 엔드포인트 위협 대응 보안 엔지니어 모집,카카오 4.0 성남 판교역,,"발견하고 개선하고자 하는 능동적인 성격 우대사항 API 활용 SOAR 구성 node.js 프레임워크 경험자 Python/Linux shell script 중급 이상 가능자 필독사항 ※ 카카오 테크 직군의 경우, 개발..."
https://kr.indeed.com/viewjob?jk=ce567ce19601c60f,SW② - AI 서비스 개발 전문가,LG전자 3.8 경기도 오산,,"가능 - IoT 기반 AI 서비스 구현 가능 2. 우대사항 - 관련 전공 석/박사 학위취득(예정)자 - Python, TensorFlow Framework 이해 가능 ※ 이전 공고 지원자 재지원 가능 지원자격 - 해외여행에..."
https://kr.indeed.com/viewjob?jk=cc3fcb3e135a6094,"차량용 Software Test 자동화 개발자(C, C++, Python...",링크제니시스 인천 서구,,직무내용] 모집분야- 연구개발담당업무- SW 테스팅 자동화 도구 및 스크립트 개발- 프로그램 분석 연구- 테스팅 자동화 환경 구축자격요건- 학력 : 초대졸 이상(졸업예정자 가능)- 경력 : 경력무관[우대조건]- 컴퓨터 활용...
https://kr.indeed.com/viewjob?jk=833a4d9bb5840b70,Senior Data Scientist (Korea),FPT Software 대한민국,,"deploy custom code in a variety of environments ( Python, SAS, R, etc.) to create predictive analytics applications. Use..."
https://kr.indeed.com/viewjob?jk=2ba9d984a21e03b1,[전문연구요원] R&D 부문 개발자 병역특례,스칼라웍스 서울 금천구,,"Data Analysis (R, SQL 등의 활용 능력 우대)3) Python Application 관련 개발 업무 (코딩 또는 문제해결) 4) ML... 게임>빅데이터·AI(인공지능)> Python|인터넷·IT·통신·모바일·게임..."
https://kr.indeed.com/viewjob?jk=bc1be4ffc953c21a,Quality Engineer 반월공장 (Precursor & Speci...,Merck KGaA Darmstadt Germany 경기도 안산,,"analysis. Background in programming ( Python, Java script, SQL) is preferred... preferred ( Python, Java script, SQL..."
https://kr.indeed.com/viewjob?jk=61b7290a3931b6f4,Data Center Operations Engineer,Amazon.com 서울,,"vendors · Scripting skills - Bash, Python, Perl, etc. · Project coordination... 스크립팅 기술 - Bash, Python, Perl 등 보유자 · 프로젝트..."
https://kr.indeed.com/viewjob?jk=64cf8c9cf9ab5f98,[진행중] 우리은행 MyDataACT 전문직(데이터 사이언티스트(데이터분...,우리은행 4.5 서울 회현동,,"이터 분석 업무 경력 5년 이상 보유자(관련 서비스 기획, 운영 경력 합산) - 데이터 분석 관련 언어( Python, R 등) 사용 능력 및 분석 결과의 실제 서비스 적용 경험 보유자 - 적극적이고 원만한 커뮤니케이션..."
https://kr.indeed.com/viewjob?jk=f227e4e5212e6198,웹개발 및 서버개발자 신입/경력 정규직,큰사람커넥트 서울 구로구,,백엔드|인터넷·IT·통신·모바일·게임>웹프로그래머>프론트엔드|인터넷·IT·통신·모바일·게임>웹프로그래머> Python|인터넷·IT·통신·모바일·게임>빅데이터·AI(인공지능)>딥러닝|인터넷·IT·통신·모바일·게임>빅데이터·AI...
https://kr.indeed.com/viewjob?jk=18b288e9021d899f,NAVER IDC 서버 운영/관리,NIT Service 춘천 동면,,"Web, WAS에 대한 지식과 System application 운영 경험 - Shell script, python 활용 가능 - 해외 데이터센터 인프라 구축 또는 운영 경험 - 국가보훈대상자 및 장애인은 법령에 의거 우대..."
https://kr.indeed.com/viewjob?jk=cccf8ccd8a458438,AI 컨설턴트 및 AI기술 확보 알고리즘 개발,"시스템통합구축,소프트웨어 개발,자료조사처리/물류자동화 컨설팅 등 서울 강서구",,"AI 관련 논문 발표) ② AI/딥러닝 알고리즘 연구개발 프로젝트 경험 ③ Ubuntu Linux, Python, Tensorflow, PyTorch 사용 중상급 이상 - 우대사항(해당 내용 중 1개 이상) : ① AI/머신..."
https://kr.indeed.com/viewjob?jk=7bf179a290a157b2,경험최적화파트 - 머신러닝 엔지니어,Nexon 성남 분당구,,모델 개발 - 머신러닝을 위한 솔루션 프로토타이핑 - 머신러닝 파이프라인 설계 및 구축 지원자격 - Python에 숙련된 프로그래밍 능력과 머신러닝 라이브러리 활용 경험 - 머신러닝과 강화학습에 관련된 지식 습득 혹은...
https://kr.indeed.com/viewjob?jk=5e7dc1196f13b938,"NAVER, LINE 서비스 플랫폼 운영",NIT Service 성남 삼평동,,"유하신 분 - 프로그래밍 언어( python, java, c언어 등) 초급... System, WEB/WAS, DB운영 경험 - 프로그래밍 언어( python, java, c언어 등) 중급 이상 - 국가보훈대상자 및 장애인은..."
https://kr.indeed.com/viewjob?jk=2b3ceb7170ce8335,대기업 카메라 ISP설계 SoC설계 및 검증,국내 대기업 / 3500억 매출 / 방송장비 제조업 성남 판교역,,"Language 필수, Python 가능 - Image Processing... 설계, System-Verilog 및 UVM 설계 - C/C++, Python 가능, Timing report 분석 가능(DC, PT) - 3년이상..."
https://kr.indeed.com/viewjob?jk=6206e87b9fdd1e51,Partner Technology Strategist,Microsoft 4.2 서울,,"languages: C++, C#, Java, Node.js, JSON, PHP, Perl, Python, Ruby on Rails, Pig/Hive; Migration Techniques, Resiliency 2+..."
https://kr.indeed.com/viewjob?jk=6aebabcddef7f514,Field Application Engineer,Nearfield Instruments 경기도 용인,,"troubleshooting. Preferably to have coding capability (Matlab, Python...etc... data analysis, visualization, and algorithm..."
https://kr.indeed.com/viewjob?jk=1bf0770faeb6927a,"SW⑦ - OpenAPI, 클라우드 serverless 개발 전문가",LG전자 3.8 경기도 오산,,"설계 및 개발 경험자 3. 기타 사항 - 언어 : 영어 TS lv.5 이상 - Javascript, python, node.js, react.js, vue.js, MS SQL, Flask, Express, MS Azure..."
https://kr.indeed.com/viewjob?jk=c39d18040425ef53,PostgreSQL 운영 및 데이터베이스 관리자 모집,카카오 4.0 성남 판교역,,"청하고 잘 이해하는 분 Database 운영 유경험자 ( PostgreSQL 운영 경험이 있으신 분 우대) python, go, bash 등 개발 경험이 있는 분 우대 클라우드 환경의 DB시스템 구축 및 운영 경험이 있는 분..."
https://kr.indeed.com/viewjob?jk=35ba221c73ad31a2,Data Engineer,Barbaricum 경기도 평택,,"data APIs, data modeling, and data warehousing solutions. R, Python, Ruby, C++, Perl, Java, SAS, SPSS, and Matlab. Strong..."
https://kr.indeed.com/viewjob?jk=1c2dec1a2156f6aa,(데이터개발) API플랫폼 개발자,Nexon 성남 분당구,,"architecture를 구현하고 이를 효과적으로 관리할 수 있는 기반 개발 지원자격 - Java, Go, Python 중 한 가지 이상의 언어를 이용한 웹 서비스 개발 경험이 있으신 분 - MySQL 등의 RDBMS..."
https://kr.indeed.com/viewjob?jk=269f9a96319ef19a,머신러닝 엔지니어 모집,카카오 4.0 성남 판교역,,"델의 성능 검증 및 지속 개선 대규모 로그 데이터 통계 분석을 통한 피쳐 추출 지원자격 #필수사항 Python, Java, C++ 등 언어 중 하나 이상 활용 가능하신 분 TensorFlow/Keras, PyTorch..."
https://kr.indeed.com/viewjob?jk=92cd902bbef74c13,Embedded Software Engineer - Connected,GE Appliances 경기도 성남,,"skills with C, C++ and other script languages (i.e. python etc..) Strong knowledge... IOT devices communication protocols..."
https://kr.indeed.com/viewjob?jk=128e59e684c99095,Operation Buyer(Contractor),Edwards Korea Ltd 충청남도 천안,,"programming languages or statistical software – ex) C++, Python, VBA, R, MATLAB, Minitab, SPC Start a journey towards..."
https://kr.indeed.com/viewjob?jk=dfd97435a0f37a60,SW① - Big Data 분석 / 모델링 전문가,LG전자 3.8 경기도 오산,,"러닝, 딥 러닝을 이용한 공정 데이터 예측 경험 2. 우대사항 - 관련 전공 석/박사 학위취득(예정)자 - Python, TensorFLow 등 ML framework 능숙 - C/C++를 이용한 알고리즘 구현 가능 ※ 이전..."
https://kr.indeed.com/viewjob?jk=ae185a03d7b8f71e,"사물인터넷(IoT) 개발, 메카트로닉스 외 신입/경력 정규직",리쉐니에 수원 영통구,,"연구 빅데이터분석 및 AI개발 Python , WebRTC 프로그램개발... AI개발, Python / WebRTC프로그램개발 [우대사항] 전공계열: 공학계열 자격증: Python, Python 교육이수자, 빅데이터, 스마트공..."
https://kr.indeed.com/viewjob?jk=9bb54701619623b2,"특성화고 IT(AI, 웹개발, 콘텐츠기획)",천재교과서 서울 금천구,,모바일·게임>빅데이터·AI(인공지능)>데이터분석|인터넷·IT·통신·모바일·게임>빅데이터·AI(인공지능)> Python|인터넷·IT·통신·모바일·게임>빅데이터·AI(인공지능)>머신러닝|교육·교사·강사·교직원>교육·교재개발>교수설...
https://kr.indeed.com/viewjob?jk=5b2574aec8e1d083,딥러닝 개발자 정규직,바이오에이아이 서울 강남구,,"라우드 기반 인프라 활용 - 데이터 수집, 전처리, 통합 자격 조건 - 데이터, 딥러닝 분야에 대한 이해 - Python 코딩능력 - 리눅스 사용 경험 우대 사항 - 영어 리딩 능력 - 의약분야 프로젝트 경험 - 플랫폼개발에..."
https://kr.indeed.com/viewjob?jk=54e0d08c99dcf507,MI(Market Intelligence)담당 마케팅 전략 경력사원,LG전자 3.8 서울 영등포구,,"AL이상 성적에 대하여 1개 이상 보유 4) 우대 사항 - 통계 분석 및 프로그래밍 언어 역량 보유: R, python, Java, SPSS, Tableau, etc. - 영어 능통 역량: 해외법인과 영어 화상 회의 및 현지..."
https://kr.indeed.com/viewjob?jk=76e900896b713fa1,(주)엘솔루 웹 프로그래머,㈜엘솔루 서울,,그래머>웹개발|인터넷·IT·통신·모바일·게임>웹프로그래머>JAVA|인터넷·IT·통신·모바일·게임>웹프로그래머> Python|경영·인사·총무·사무>경영·기획·전략>경영기획|경영·인사·총무·사무>경영·기획·전략>사업기획|경영·인사...
https://kr.indeed.com/viewjob?jk=4a08b699c69b0b44,AI R&D 데이터 플랫폼 엔지니어 모집,엔씨소프트 2.7 성남 판교역,,3년 ~ 15년 필수조건 - Hadoop 기반 분산 데이터 처리 기술에 대한 경험 보유 - Java / Python 기반 개발 경험 보유 - Hive 기반 ETL 개발 및 workflow 자동화 개발 경험 보유 - J2EE...
https://kr.indeed.com/viewjob?jk=afe92c03320fe1b3,카카오 광고 서비스 알고리즘 및 시스템 개발,카카오 4.0 성남 판교역,,"함께 하고 싶습니다. 지원자격(공통) 하나 이상의 프로그래밍 언어에 익숙한 분 (C/C++, Java, Python, Go, Scala 등) [알고리즘 개발 업무 관련 지원 경우] 데이터 마이닝 또는 머신러닝 지식/경험이..."
https://kr.indeed.com/viewjob?jk=a64e1e21f61265ce,각 분야별 인재 Pool 등록,지투알 서울,,"자 - 데이터 분석 툴(Adobe Analytics 또는 Google Analytics) 유경험자 우대 - Python, R, SQL 역량 보유자 우대 - 데이터에 기반한 문제해결 능력 및 통계학적 지식 보유자 우대 - 담당..."
https://kr.indeed.com/viewjob?jk=09575a6245b07153,Data Scientist,Nova Measuring Instruments 경기도 화성,,long periods of time (up to 1 month each time). Programming – python proficient. Machine learning and data science experience...
https://kr.indeed.com/viewjob?jk=029005430ad99018,테크니컬 오디오 디자이너(Technical Audio Designer)...,엔씨소프트 2.7 성남 판교역,,"능력 - Protools, Reaper 등의 DAW 활용 능력 우대사항 - 스크립팅 언어 활용 능력 ( Python, Lua, R 등) - 비쥬얼 스크립팅 언어 활용 능력 (Pure Data, Max/MSP, Reaktor..."
https://kr.indeed.com/viewjob?jk=f468f742037501ae,[TmaxTibero/기술] DBMS 제품 QA 신입 및 경력,티맥스소프트 성남 분당구,,베이스/ 소프트웨어공학 전공자 - 데이터베이스 연관 3rd Party 제품 기술지원 경험자 - Java/C/ Python/shell 초급 개발자/경험자 - S/W QA 경험자 - CDC 제품 사용 경험자 - Unix/Linux...
https://kr.indeed.com/viewjob?jk=9ab2041ab3380a21,카카오톡 안티어뷰징을 위한 데이터/백엔드 엔지니어 및 머신러닝 전문가 모...,카카오 4.0 성남 판교역,,"Engineer, Data Scientist 해당 분야에서 활용되는 언어 및 도구를 능숙하게 다룰 수 있는 분( Python, Scala, PyMC, PySpark, Tensorflow 등) 우대 사항 컨테이너 환경에서의..."
https://kr.indeed.com/viewjob?jk=1ae2bb09a9bb2078,[AI R&D] ML 엔지니어 모집,엔씨소프트 2.7 성남 판교역,,pipeline 설계 및 구현 기술 연구 개발 지원자격 학력 : 학사 이상 경력기간 : 3년 ~ 필수조건 - Python 언어 및 SQL 쿼리 작업에 능숙하신 분 - ML 도구(scikit-learn/Spark MLlib...
https://kr.indeed.com/viewjob?jk=b1148b4f897d6df0,[AI R&D] 플랫폼 개발 엔지니어 모집,엔씨소프트 2.7 성남 판교역,,"학사 이상 경력기간 : 3년 ~ 필수조건 # 필요 역량 (AI 관련 지식 역량은 필수는 아닙니다.) - Python, Java 등 하나 이상의 프로그래밍 언어에 대한 이해 및 개발 경력을 가지신 분 - RDBMS 또는..."
https://kr.indeed.com/viewjob?jk=7ade77cb94b015df,춘천성심병원 인공지능센터 채용 공고,한림대학교춘천성심병원 강원도 춘천,,데이터 구축 및 관리 데이터 수집 파이프라인 구축 및 표준화 데이터 분석 및 python 코딩 CDM 매핑 관련 업무 석사 학위 취득자 python 딥러닝 코딩 가능자 CDM 경험자 우대 서버관리 경험자 우대 계약직 2...
https://kr.indeed.com/viewjob?jk=f5e0e17274219fda,"차량용 Software Test 자동화 개발자(C, C++, Python...",링크제니시스 인천 서구,,"C++, Python) / QA 모집 모집부문 및 자격요건 담당업무 자격요건 인원 [담당업무]차량용 S/W 검증 개발 (C, C++, Python... 통신·모바일·게임>응용프로그래머> Python|인터넷·IT·통신·모바일·게임..."
https://kr.indeed.com/viewjob?jk=12aee20d54fbd438,[웹젠] 사내IT인프라(신입/경력),웹젠 성남 분당구,,"Terraform 등 운영 경험이 있는 분 - Powershell, Python, Bash,Batch 작성이 가능한 분 - L2,L3 네트워크 기본... 있는 분 - Powershell, Python, Bash,Batch 작성이..."
https://kr.indeed.com/viewjob?jk=4fa9c9b42f78f110,대기업 AI 연구개발 검색 음성인식 등 경력직,- 코스피상장 대기업계열사 서울 우면동,,"3년 이상 - 자연어처리 관련 지식 보유 - C/C++, Java, Python프로그래밍, 알고리즘 구현 실무 능력 2. 우대조건 - 상용 플랫폼... 알고리즘 이해 및 구현 경험 - Python/PyTorch 등 프로그래밍..."
https://kr.indeed.com/viewjob?jk=f227e4e5212e6198,웹개발 및 서버개발자 신입/경력 정규직,큰사람커넥트 서울 구로구,,백엔드|인터넷·IT·통신·모바일·게임>웹프로그래머>프론트엔드|인터넷·IT·통신·모바일·게임>웹프로그래머> Python|인터넷·IT·통신·모바일·게임>빅데이터·AI(인공지능)>딥러닝|인터넷·IT·통신·모바일·게임>빅데이터·AI...
https://kr.indeed.com/viewjob?jk=a22173d071050949,AI Scientist (NLP) (remote),MIND AI 서울 • 원격 근무,"연봉 40,000,000원 - 60,000,000원","field. * 3+ years programming experience, 2+ years in Python especially in teams. * Thorough understanding of programming..."
https://kr.indeed.com/viewjob?jk=866808b00a37ce57,백엔드 개발자 중견 바이오 연구소,서울특별시,,"직무개요 플랫폼 백엔드 개발 소속: 플랫폼팀 ※ 자격조건 경력 : 5년 이상 관련 기술 : - Python, java(spring) 관련 개발 경험 - Django, Flask 프레임워크 경험 - RestfulAPI 설계..."
https://kr.indeed.com/viewjob?jk=20b6a088b109c3e8,[웹젠] 보안분석(경력),웹젠 성남 분당구,,분 - 모의해킹 경험이 있는 분 - 침해사고 대응 경험이 있는 분 - Python 개발 능력을 보유한 분 ﻿ 우대사항 - 해킹 대회 입상자 • 기타... 사고 대응 경험이 있는 분 - Python 개발 능력을 보유한 분 ﻿ 우대...
https://kr.indeed.com/viewjob?jk=98a0ea3726575729,글로벌주식운용팀 경력사원 안내 (~6/4),삼성자산운용 대한민국,,"량분석(Quantitative Analysis)을 통한 개별주식 운용 전략 개발 및 운용 경력(필수) - Python, VBA 등의 프로그래밍 언어를 통한 개발 능력 및 MS SQL 등의 데이터베이스 연계 프로그래밍 경력자..."
https://kr.indeed.com/viewjob?jk=aac8e9355cb855ac,[인재풀] 아티스트,Electronic Arts 서울,,Maya or 3D Max등의 아트웍 툴 사용 경험 Max script 또는 Mel Script의 사용 경험 C# 또는 Python 언어에 대한 이해 및 활용 능력 아트웍 관련 툴 제작 또는 플러그인 제작 경험
https://kr.indeed.com/viewjob?jk=a4b496c7f5a5aeb7,Python 웹 개발자,코리아뉴스와이어 서울 중구,,지원자격 경력 경력 (4년이상) 학력 학력무관 성별 무관 기타 담당업무 Python 웹 개발자 채용 커리어 양식 지원 상세모집요강 접수기간/방법 지원방법 커리어 양식 지원 아직 커리어에 이력서를 등록하지 않으셨다면...
https://kr.indeed.com/viewjob?jk=a4b72e38fb50bde0,콘텐츠서비스개발- 데이터엔지니어,Nexon 성남 분당구,,"ecosystem 에 대한 이해 - Python, Scala 등의 프로그... 경험이나 운영 경험 - 소프트웨어 빌드 및 배포 자동화 경험 - Python 또는 NodeJS를 활용한 시스템 개발 경험 - 프론트엔드 및 웹..."
https://kr.indeed.com/viewjob?jk=b2661d357cf26c8f,플랫폼쉴드 시스템 개발,Nexon 성남 분당구,,"IP, 평판 등의 정보) 지원자격 - 전체 개발 경력 3~5년 - Python, Go 개발경력 우대(팀 내부 주 개발 언어가 Go, Python) - 비동기, 병렬처리 프로그래밍 기술 - OS, DB, H/W, 네트워..."
https://kr.indeed.com/viewjob?jk=004c122239de8ae2,퀀트연구원 Quantitative Researcher,디에스파트너즈그룹 서울,,파트너즈그룹 정대석대표입니다.아래와 같이 우수 인재 영입건 있어 공지하오니 관심 있으신분 연락바랍니다. 인터넷·IT·통신·모바일·게임>ERP·시스템분석·설계>데이터분석|인터넷·IT·통신·모바일·게임>응용프로그래머> Python
https://kr.indeed.com/viewjob?jk=05aa5498d84c58e1,데이터 엔지니어(신입/경력),쏘카 제주도 제주,,"있는 분 • 데이터 분석팀 및 유관 부서와의 원활한 소통을 위한 기본적인 쿼리 작성 능력을 갖춘 분 • Python 또는 Java, Scala, C++, C# 등의 언어를 최소 1개 이상 능숙하게 사용할 수 있는 분 • 대용..."
https://kr.indeed.com/viewjob?jk=fdd1ec500461c093,"프론트엔드, 백엔드 개발 경력 정규직",토이스미스 서울 강남구,,"으로도 지원 가능 우대사항 l JavaScript 이외의 개발언어 능력 (JAVA, TypeScript, Python 등) l Node & React 스택의 개발자 l Spring Framework 및 오픈소스 활용 경험 l..."
https://kr.indeed.com/viewjob?jk=cd2ef993ee5c8d3f,지스트 블록체인인터넷경제연구센터 계약직(연구원),광주과학기술원 광주 북구,,록체인 개발 블록체인 하드포크 1) 4년제 대학 이상 졸업자 2) SW프로그래밍 제작 경험자 3) Python/C/Java/Go 프로그래밍 가능자 4) 팀장급은 개발 경험 10년 이상인 자 연구직 1명 우대사...
https://kr.indeed.com/viewjob?jk=e1b65cf91bb2cf33,[서울/전자/컴퓨터공학] 스토리지 전문기업 전문연구요원/신입,위키에이드 서울,"연봉 40,000,000원 - 50,000,000원",사원 (전문연구요원/ 신입사원) [자격요건]A. 전자공학 또는 컴퓨터공학 관련 전공 학사 이상B. C/C++/ Python 중 1개 이상 언어 활용 가능자[우대사항]A. eSSD 제품 평가 및 Test case 개발 경험B...
https://kr.indeed.com/viewjob?jk=649ccf047c868778,"금융 데이터 분석 엔진, 로보어드바이저 개발자",에스비씨엔 서울 영등포구,,"시스템, 머신러닝, 자연어처리. 패턴분석 - 다음 언어에서 최소 한 가지 이상 능숙자: Java, C++, Python, JavaScript 우대사항 - 석사이상 컴퓨터공학 (Computer Science) 분야 또는..."
https://kr.indeed.com/viewjob?jk=cf261b521e02b045,[한국자산평가] 인턴,한국자산평가 서울 종로구,,인터넷·IT·통신·모바일·게임>응용프로그래머>C·C++|인터넷·IT·통신·모바일·게임>응용프로그래머> Python|인터넷·IT·통신·모바일·게임>네트워크·서버·보안>Windows계열 서버운영·관리|인터넷·IT·통신·모바일·게임...
https://kr.indeed.com/viewjob?jk=c8c02d6751fce8a8,Python 경력 정규직,브라이트컨설팅 서울 강남구,,브라이트컨설팅 Python 경력 정규직 채용 모집부문 및 자격요건 담당업무 자격요건 인원 [자격요건] 경력사항: 경력(7년 이상 12년 이하) 학력사... 수 있습니다. 인터넷·IT·통신·모바일·게임>응용프로그래머> Python
https://kr.indeed.com/viewjob?jk=99f64e23181ea24a,[부산 IT 무료 교육](디지털컨버전스)전자정부 프레임워크 기반 웹 개발...,아이티윌 부산교육센터 부산 부산진구,,통신·모바일·게임>웹프로그래머>백엔드|인터넷·IT·통신·모바일·게임>응용프로그래머>Android|인터넷·IT·통신·모바일·게임>빅데이터·AI(인공지능)> Python|인터넷·IT·통신·모바일·게임>빅데이터·AI(인공지능)>R
https://kr.indeed.com/viewjob?jk=14ed8097b3b4d463,[TGD] Data Scientist 모집,엔씨소프트 2.7 성남 판교역,,"지원자격 학력 : 무관 경력기간 : 3년 ~ 10년 필수조건 DB 성능까지 고려한 SQL 프로그래밍 가능자 Python을 이용한 데이터 분석 3년 이상 경력자 (SAS, SPSS 등 통계툴만 사용 가능한 경우 제외) 대용량..."
https://kr.indeed.com/viewjob?jk=e47c5231ba5c9eea,대기업 영상처리 관련 IP 개발자 (판교),인파트너스 서울,"연봉 60,000,000원 - 70,000,000원","Verification- Mentor Catapult HLS Tool 경험자- Python 가능[근무부서 및 직급/직책]직급/직책: 대리, 과장... 게임>빅데이터·AI(인공지능)> Python|인터넷·IT·통신·모바일·게임..."
https://kr.indeed.com/viewjob?jk=55a19c92c845685e,Developer / Designer recruit,마이뮤직테이스트 서울 논현동,,"language (i.e Python, Ruby, Java, .Net... High proficiency in Python... knowledge... least one Python web framework..."
https://kr.indeed.com/viewjob?jk=31c8ae4a133b5147,SW(모바일앱 및 웹개발) 신입/경력 정규직 개발자,더조인 서울 강남구,,통신·모바일·게임>응용프로그래머>Android|인터넷·IT·통신·모바일·게임>응용프로그래머>iOS|인터넷·IT·통신·모바일·게임>응용프로그래머>인공지능(AI)|인터넷·IT·통신·모바일·게임>응용프로그래머> Python
https://kr.indeed.com/viewjob?jk=d8a8869ab092f731,데이터 엔지니어 및 사이언티스트,카카오 4.0 성남 판교역,,"등 데이터 엔지니어와 사이언티스트의 업무를 경계 없이 수행하게 됩니다. 지원자격 개발 경력 3년 이상 Python, Scala, Java, C++ 중 하나 이상의 언어에 능통 SQL 또는 HiveQL에 능통 대용량 데이..."
https://kr.indeed.com/viewjob?jk=9c15d2c0cd7b70d8,프론트엔드개발 인공지능바이오제약코스닥기업,서울특별시,,"개선과 신규 서비스의 UI, 기능을 설계 및 개발 ※ 지원자격 - python 개발 경험(기본) - non-sql DB, sql DB 중 1개 이상... 사용 경험 - 풀스택 개발자 - python, C# 동시 사용 ※ 지원방..."
https://kr.indeed.com/viewjob?jk=bb5ae480fe3200b9,Data Scientist,IBM 3.9 서울,,"skills in Python, and ideally in other languages like R, SQL, Hive Sql, C++ • Hands-on experience with Python libraries..."
https://kr.indeed.com/viewjob?jk=e8a4630bec0783e8,2021 Market Data Analyst - Seoul,Bloomberg 서울,,"work experience using one more programming language... Python, SQL and R Fluency in Korean and English (both spoken..."
https://kr.indeed.com/viewjob?jk=7af64be2575caa06,넷크루즈 전 부문 경력직,넷크루즈 서울 구로구,,능숙자 나. Go 능숙자 다. Python 능숙자 라. 분산 처리 능숙자... 응용프로그래머>JAVA|인터넷·IT·통신·모바일·게임>응용프로그래머> Python|인터넷·IT·통신·모바일·게임>빅데이터·AI(인공지능)> Python
https://kr.indeed.com/viewjob?jk=662beff5f293820b,AR/VR SDK 개발자 모집,카카오 4.0 성남 판교역,,"iOS 및 PC/Web 플랫폼향 API 개발 (C++, Java/Kotlin, ObjC/Swift, Python, Javascript) 멀티플랫폼 패키징 및 배포시스템 개발, 유지보수 모바일 최적화 및 플랫폼 이슈 대응..."
https://kr.indeed.com/viewjob?jk=797fdeaf345bd03b,Camera ISP Tuning Engineer - Camera (QCT...,Qualcomm Korea YH 경기도 수원,,"processing Experience with C, C++, Python Experience with camera image quality... e.g., C, C++, Python), computer..."
https://kr.indeed.com/viewjob?jk=b71f9a6699193c99,테크빌더팀 웹(프론트/백엔드)개발,Nexon 성남 분당구,,"Ubuntu) - React, Angular, jQuery - Python, Flask, Nginx, ElasticSearch, MySQL 지원... 발해 보신 분 * 백엔드 - Python, Java, C# 중 한 가지..."
https://kr.indeed.com/viewjob?jk=02f450f1246c5489,[서울지사][던파모바일2D] 서버 빌드 담당자,네오플 제주도,,"C/C++ 사용이 능숙하신 분 우대사항 - DevOps 관련 경험 - 하나 이상의 스크립트 언어 ( Python, PowerShell, Bash, Groovy… )에 능숙하신 분 - Windows/Linux 서버 운영체제에..."
https://kr.indeed.com/viewjob?jk=a4015a0d112e9569,프론트엔드 정규직,바이오에이아이 서울 강남구,,"프론트 엔드 구현 - DB 구축 - 신규 기능 개발 및 반영, 지속적인 개선 및 유지 보수 자격 조건 - Python, Django - RDBMS 경험 - UI개발 경험 우대 사항 - 딥러닝에 관심있으신 분 - 단위 테스트..."
https://kr.indeed.com/viewjob?jk=32df0f890a9d577b,"드론솔루션 (아두이노 등 ICT SW, 드론 HW제작, 드론쇼핑몰)",탱고드론 성남 분당구,"연봉 25,000,000원 - 30,000,000원",어개발자|인터넷·IT·통신·모바일·게임>응용프로그래머>C·C++|인터넷·IT·통신·모바일·게임>응용프로그래머> Python|인터넷·IT·통신·모바일·게임>시스템프로그래머>임베디드(Embedded)|인터넷·IT·통신·모바일·게임...
https://kr.indeed.com/viewjob?jk=20530ee69e2fd831,"Mgr, Field Svc",Raytheon Intelligence & Space 경기도 오산,,"software development methods (shell scripts, JavaScript, Python, PHP, C/C++, C#, Java, XML, HTML, etc.) Oracle database..."
https://kr.indeed.com/viewjob?jk=0c702fa92561ccdd,"Prin Spclst, Field Svc",Raytheon Intelligence & Space 경기도 오산,,"Redhat Linux System Administration, UNIX shell/PERL/ python scripting, Cisco network administration, Oracle or Weblogic..."
https://kr.indeed.com/viewjob?jk=93823e5091d28ef9,[정규직] AI Data Scientist,SK 씨앤씨 4.0 서울,,"모델 개발/리딩 * Reinforcement, Graph Network 기반 모델 개발 * 분석 Tool( Python, TensorFlow, PyTorch) 활용 역량 1. 채용분야 경력 최소 3년 이상인자 2. 남자는 병역..."
https://kr.indeed.com/viewjob?jk=5158175feb7b77e8,"경력사원 상시채용(웹/모바일 개발, 인프라/보안)",현대아이티엔이 서울 대치동,,"서버/네트워크 인프라 지식 및 기술 보유자 [우대사항] -웹/앱/인프라 모의해킹 경험자 -프로그램( Python,, C, JAVA) 보안 개발 및 시큐어 코딩 가능자 -End-point 보안 취약점 조치 가능자 -보안..."
https://kr.indeed.com/viewjob?jk=da280e20451ce755,Integration Engineer,스트라드비젼 서울 강남구,"연봉 40,000,000원 - 50,000,000원","algorithm • (Preferred) Experience of variant script language ( Python, Shell) • (Preferred) Experience of Linux build system..."
https://kr.indeed.com/viewjob?jk=40fcd7eeeaf408d4,[신규프로젝트][AION2] 테크니컬 아티스트 모집,엔씨소프트 2.7 성남 판교역,,"및 배경, VFX 아티스트 경력 우대사항 - UE4 Custom Shader 제작 Skill - Python,MaxScript 등 개발 언어 활용 능력 - Digital Human 렌더링 이해가 높은 분 - Substance..."
https://kr.indeed.com/viewjob?jk=65ea393e24fd14d7,21. 6월 화학/식품부문 경력,롯데정보통신 서울 금천구,,인터넷·IT·통신·모바일·게임>응용프로그래머>Windows|인터넷·IT·통신·모바일·게임>응용프로그래머> Python|인터넷·IT·통신·모바일·게임>웹프로그래머>JSP|유통·물류·운송·운전>운송·물류>물류관리|인터넷·IT·통신...
https://kr.indeed.com/viewjob?jk=a1d687cd59776360,머신러닝 개발,Nexon 성남 분당구,,모델 개발 - 머신러닝을 위한 솔루션 프로토타이핑 - 머신러닝 파이프라인 설계 및 구축 지원자격 - Python에 숙련된 프로그래밍 능력과 머신러닝 라이브러리 활용 경험 - 머신러닝과 강화학습에 관련된 지식 습득 혹은...
https://kr.indeed.com/viewjob?jk=cae2de07045cfb2b,"Java, Python 영상툴 개발자",에이아이메이커 서울 마곡동,,원하면 가능) 담당업무 - 영상 라벨링 Tool 개발 - Tool 정확성 개선 자격요건 - Java - Python 우대사항 - 관련 개발 경력 - 툴개발 경력 근무조건 - 월~금 AM9:30 ~ PM18:30 복지...
https://kr.indeed.com/viewjob?jk=1a75ce748c5f24e9,TOAST CAM 임베디드 개발,NHN 4.4 성남 판교역,,"또는 석사 학위 또는 그에 준하는 실무 경험자 (신입 지원가능) - 임베디드 환경에서 영상 처리 경험자 - Python, C++ 개발 경험 - 딥러닝 프레임워크, 컴퓨터 비젼 경험자 - Visual Object..."
https://kr.indeed.com/viewjob?jk=d8fbf9f64f322bed,시스템반도체 회로개발 2년 이상 경력,2019년 설립된 시스템반도체 개발 전문 기업 수원 권선구,,"4대보험가입, 경조사비, 점심식사(비) 제공 • 참고사항 - Scripting and Automation ( Python, Tcl, Perl 등) 사용 가능자 우대 - 회로 설계툴 (EDA - Virtuoso/HSPICE..."
https://kr.indeed.com/viewjob?jk=b92aa9fa4dd865f2,PM/PL & 데이터분석가 & 일반영업 정규직,데이터누리 서울 강서구,,"빅데이터 플랫폼 운영 및 개발 경험- 개발 경력 보유자(Java, Python, R, react, JavaScript, node.js 등)- DB... 게임>빅데이터·AI(인공지능)> Python|인터넷·IT·통신·모바일·게임..."
https://kr.indeed.com/viewjob?jk=8af26b37623864c4,8퍼센트 개발자 (신입/경력),8퍼센트 서울 종로구,,개발 금융 데이터 분석과 분석 플랫폼 운영 자격요건 컴퓨터 전공자 또는 웹 개발 경력 1년 이상 우대사항 Python 코드를 무리 없이 읽으실 수 있는 분 Linux/Mac 사용 가능한 분 새로운 기술에 대한 호기심을 가지신...
https://kr.indeed.com/viewjob?jk=1c4f1c0b625f5abd,데이터 사이언티스트 직군 모집,넷마블 서울 구로구,,"요건 - 관련 분야 경력 3년 이상 - 정형/비정형 데이터 분석 및 모델링 가능 - 통계 분석 도구 (R, Python, Tensorflow 등) 및 SQL 사용 가능 - 다양한 직군의 사람들과 원활한 커뮤니케이션 및 협업..."
https://kr.indeed.com/viewjob?jk=b38903f24aefd3bf,[건축자재 중견기업] 데이터 사이언티스트 (대리~과장),커리어라임즈 서울 영등포구,,"업무를 위한 프로그래밍 언어 Python 및 R, SQL 가능자- Hive... 데이터분석|인터넷·IT·통신·모바일·게임>빅데이터·AI(인공지능)> Python|인터넷·IT·통신·모바일·게임>빅데이터·AI(인공지능)>R|인터넷..."
https://kr.indeed.com/viewjob?jk=7cb5c3076d1701db,"Staff Field Applications Engineer, Audio",Dolby 서울,,"High level or detailed knowledge of SOC design. C/C++, python coding skills. Knowledge of music, audio/video production..."
https://kr.indeed.com/viewjob?jk=dcc5319cfdaded5f,Graphics System Architecture,Facebook 경기도,,"organizations 12+ years of experience in programming languages ( Python, C++, Java or R... technical background 8+ years..."
https://kr.indeed.com/viewjob?jk=a621e7d486f97ea5,2021 ICT 이노베이션 블록체인&AI 교육생,재단법인경남테크노파크 창원 마산회원구,,게임>빅데이터·AI(인공지능)> Python|인터넷·IT·통신·모바일·게임... 로그래머>인공지능(AI)|인터넷·IT·통신·모바일·게임>응용프로그래머> Python|인터넷·IT·통신·모바일·게임>응용프로그래머>머신러닝(ML)|인터넷...
https://kr.indeed.com/viewjob?jk=970b39a3e7de61d6,IT기획 경력사원,S&I Corp. 서울 강서구,,"5년 이상 (IT기획, 프로젝트 PM/PL, 개발경력 등) - 자격 : 컴퓨터 언어 활용능력 보유 (JAVA, PYTHON) : 데이터베이스(RDBMS) 활용능력 보유 - 우대사항 : IT 예산(HW,SW,인건비) 수립 경험..."
https://kr.indeed.com/viewjob?jk=a79702e8ca6af794,금융 AI 기술 연구 개발자 모집,엔씨소프트 2.7 성남 판교역,,"및 연구/문제 해결 능력 - Python 언어에 능숙하신 분 2. 해당직... Recognition, Data/Text Mining 경험 보유 - Python, SQL 활용 우대사항 - AI 관련 전공자 - 금융 도메인에 대한..."
https://kr.indeed.com/viewjob?jk=7d155eed9eceae77,[빅데이터 분석] 인턴,레드테이블 서울 종로구,"월급 2,000,000원","음식.관광 분야에 배경지식을 갖추신 분 Python, R, SQL, 통계프로그램... 서서류전형, 면접전형/ 우대사항음식.관광 분야에 배경지식을 갖추신 분 Python, R, SQL, 통계프로그램 등을 활용하여 데이터 정제, 분석, 모델..."
https://kr.indeed.com/viewjob?jk=02bcd7b6412d1db9,자율주행연구팀 연구사원 (신입/경력),소네트 대구 달성군,,"필수사항 - C / C++ / Python 언어 사용 가능자 • 우대사항... C++언어 사용 가능자 • 우대사항 - 운전 가능자 - JAVA / python 언어 사용 가능자 - 오픈소스 (OpenCV, ROS 등) 사용 경험..."
https://kr.indeed.com/viewjob?jk=38ebbf5d0992fda6,주식투자 관련 데이터 분석가 (정규직 ),주)씽크풀 서울 영등포구,,인터넷·IT·통신·모바일·게임>빅데이터·AI(인공지능)> Python|인터넷·IT·통신·모바일·게임>빅데이터·AI(인공지능)>빅데이터|인터넷·IT·통신·모바일·게임>데이터베이스·DBA>MySQL
https://kr.indeed.com/viewjob?jk=d98dc10ecd924291,[정규직] 창단 프로그래머,플랙토리 서울 중구,,"서비스 발굴[지원자격] -무선분야 및 제어에 관심이 많은 자리눅스 운영체계에서 C, C++, Java, Python 등 두 가지 이상 언어로 프로그래밍 가능자MS Word, PPT, 한글 워드 편집가능자해외여행에 결격사유가..."
https://kr.indeed.com/viewjob?jk=bfe0f5ac4f32ec89,추천 통계분석/데이터사이언티스트,카카오 4.0 성남 판교역,,"통계, 수학 관련 분야의 석사 또는 박사 학위 소지자 숙련된 데이터분석 능력 데이터 사이언스를 위한 언어( Python/R) 를 하나 이상 능숙하게 다룰 수 있으신 분 분석 결과를 설득력있게 전달할 수 있는 분 우대사항..."
https://kr.indeed.com/viewjob?jk=4d62f108017056a2,백엔드개발 인공지능바이오제약코스닥기업,대한민국,,"선과 신규 서비스의 UI, 기능을 설계 및 개발"" ※ 자격조건 - python 개발 경험(기본) - non-sql DB, sql DB 중 1개 이상... 사용 경험 - 풀스택 개발자 - python, C# 동시 사용"" 기타정보..."
https://kr.indeed.com/viewjob?jk=e5448ffc7d6ecf02,FPGA 플랫폼 엔지니어 (딥러닝 하드웨어 프로세서 개발),딥엑스 성남 분당구,"연봉 40,000,000원 - 100,000,000원","사용 경험(Chip Scope/SignalTap) - Language: Python/Perl, C/C++ - Vivado 또는 Synplify 또는... SignalTap) - Language: Python/Perl, C/C++..."
https://kr.indeed.com/viewjob?jk=c80b67aa02a7b226,인공지능연구소 우수인력 초빙 - 연구원 및 연구관리직 -,광주과학기술원 광주 북구,,"기술 컴퓨터사이언스, 머신러닝, 컴파일러, 자연언어 처리, 네트워킹, 지능형 센서 관련 지식 Python/Java/C++/Web/App/API 프로그래밍, 딥러닝, 자연어처리, TCP/IP 등에 대한 지식 필요기술..."
https://kr.indeed.com/viewjob?jk=0f12f1d1bc7c99f7,[한국자산평가] 경력직원,한국자산평가 서울 종로구,,인터넷·IT·통신·모바일·게임>응용프로그래머>C·C++|인터넷·IT·통신·모바일·게임>응용프로그래머> Python|인터넷·IT·통신·모바일·게임>네트워크·서버·보안>Windows계열 서버운영·관리|인터넷·IT·통신·모바일·게임...
https://kr.indeed.com/viewjob?jk=4b31a4ae3ffd862a,각 부문별 신입/경력사원,이지케어텍 서울 중구,,지능(AI)|전자·기계·기술·화학·연구개발>광학·의료장비>AI의료|인터넷·IT·통신·모바일·게임>웹프로그래머> Python|인터넷·IT·통신·모바일·게임>네트워크·서버·보안>정보보안|의료·간호·보건·복지>치료·의료기사>보건의료...
https://kr.indeed.com/viewjob?jk=75f87cec1b70b050,인공지능 연계형 인턴,LG전자 3.8 서울 서초구,,"machine learning frameworks... TensorFlow, PyTorch, Python, etc. - Knowledge of data processing, Statistics/Probability..."
https://kr.indeed.com/viewjob?jk=61d00e18b537cab2,[단기계약직] NLP 서비스 프로토타입 개발을 위한 엔지니어 모집,엔씨소프트 2.7 성남 판교역,,"졸업생, 졸업 예정자 가능 - Python을 이용하여 개발 가능한 분 우대... 개발 능력 - 자연어처리 (NLP) 관련 프로젝트 경험 있으신 분 - Python, Java 등을 이용하여 NLP 기술을 구현 가능한 분 제출서류..."
https://kr.indeed.com/viewjob?jk=66cf9fcab574b073,[한양대 에리카] 기업부설연구소 연구원 (신입/경력/인턴),워너버스이노베이션 안산 상록구,,NET|인터넷·IT·통신·모바일·게임>응용프로그래머>C#|인터넷·IT·통신·모바일·게임>응용프로그래머> Python|인터넷·IT·통신·모바일·게임>응용프로그래머>인공지능(AI)|인터넷·IT·통신·모바일·게임>응용프로그래머...
https://kr.indeed.com/viewjob?jk=84fd9f9deb6105b0,"웹개발, Python 외 신입/경력 계약직",쿠바로엠앤씨 서울 강서구,,"주식회사 쿠바로엠앤씨 웹개발, Python 외 신입/경력 계약직 채용 모집... 게임>웹프로그래머>웹개발|인터넷·IT·통신·모바일·게임>웹프로그래머> Python|인터넷·IT·통신·모바일·게임>웹프로그래머>백엔드|인터넷·IT·통신..."
https://kr.indeed.com/viewjob?jk=e8bbe081133f8cd6,보안분야 경력,LG CNS 3.7 서울,,"정보보호 자격증 보유 ② 네트워크 스캐닝 및 서버OS침투 경험 ③ Python Exploit 작성 가능, 해킹대회 수상 ④ 웹, 모바일앱 등 다양한... SCADA 프로토콜 이해 ③ Python Exploit 작성 가능 상세..."
https://kr.indeed.com/viewjob?jk=f39f8695610d4d2f,Virtual Robotics Simulation Engineer,LG전자 3.8 서울 서초구,,"C/C++, Software Design, Debugging Skills - 스크립트 언어 개발 경험 ( Python, Bash, etc) 3. 우대사항 - ROS2 환경 개발 경험 - Unreal Engine, Unity..."
https://kr.indeed.com/viewjob?jk=7df915e1f0f86b2d,Software Architecture 설계 엔지니어,딥엑스 성남 분당구,"연봉 40,000,000원 - 100,000,000원",경험 - Windows/Linux 상에서 C++/ Python 언어 사용 개발 경험 - C++ / Python 언어 사용 개발 경험 - 객체지향 설계에... 게임>빅데이터·AI(인공지능)> Python|인터넷·IT·통신·모바일·게임...
https://kr.indeed.com/viewjob?jk=c76399cb1df3cf0b,[정보보안] 보안기반 분석 개발 담당 모집,엔씨소프트 2.7 성남 판교역,,"이기종 보안시스템의 운영업무 자동화 개발 지원자격 학력 : 무관 경력기간 : 2년 ~ 10년 필수조건 - Python 프로그래밍 언어로 개발이 가능하며, 오픈소스를 활용한 개발이 가능한 분 - 보안솔루션의 동작 원리와 연동..."
https://kr.indeed.com/viewjob?jk=de8dda97b31b027d,Deep Learning Engineer Intern,Intel 4.1 서울,,optimization strategies Programming skills with Python/C++ Experience working with one or more deep learning frameworks...
https://kr.indeed.com/viewjob?jk=f069d006ba3ffa5a,(신입/경력) AR&AI 엔지니어,플레이스에이 성남 분당구,,"Engine 중 1개 이상 능숙하게 다룰 수 있다 - C, C++, Python 등 프로그래밍 언어 중 1개 이상 능숙하게 다룰 수 있다... 다룰 수 있다 - C, C++, Python 등 프로그래밍 언어 중 1개..."
https://kr.indeed.com/viewjob?jk=ac9068957c550cb3,데이터 전문가(모델러/분석가/엔지니어) 모집,카카오 4.0 성남 판교역,,대용량 데이터를 효율적으로 사용하기 위한 기반 데이터 가공 지원자격 데이터 사이언스를 위한 언어(R/ Python/Scala) 및 도구(scikit-learn/Spark MLlib/Tensorflow/Pytorch 등)를...
https://kr.indeed.com/viewjob?jk=2b9e604e63e7e46d,[카카오커머스] 기술직군,카카오커머스 성남 분당구,,"우대사항 - 전자금융 감독규정, PCIDSS에 대한 실무 경험이나 이해도가 높으신 분 - JAVA, Python, shell script 등 개발 역량을 갖추신 분 - 웹/앱 취약점 진단 및 모의해킹 역량을 갖추신..."
https://kr.indeed.com/viewjob?jk=2b09f13b5790dd69,2021년 한화시스템 방산부문 프로젝트/기간제 엔지니어 채용(상시),한화그룹 4.2 서울,,분야 경험자 [우대 요건] 무인기 GCS 개발 유경험자 SW시험/분석 도구 개발 유경험자 C/C++/C#/ Python/JAVA 프로그래밍 숙련자 0명 판교 한화인1:1문의하기 활용 지휘통제-SW 계약기간 : 입사 시...
https://kr.indeed.com/viewjob?jk=a38c881248da7e5e,[취업연계] 파이썬 활용 빅데이터 분석 전문가 양성과정 훈련생,한국산업기술협회 서울 금천구,,게임>빅데이터·AI(인공지능)> Python|인터넷·IT·통신·모바일·게임... 응용프로그래머> Python|인터넷·IT·통신·모바일·게임>웹프로그래머>JAVA|인터넷·IT·통신·모바일·게임>웹프로그래머> Python|전자·기계·기술...
https://kr.indeed.com/viewjob?jk=1e974ff27c6eb340,Autonomous Driving 분야 엔지니어,포티투닷 서울 강남구,,"프로그래밍 기술 (C/C++, Python 등) - 이동 로봇/드론 관련... platform 개발 경험 - 뛰어난 프로그래밍 기술 (C/C++, Python) - 3D geometry, math, physics 관련 경험 및..."
https://kr.indeed.com/viewjob?jk=6ede042ebe53ba49,RTL 기반 HW IP 설계 엔지니어 (딥러닝 하드웨어 프로세서 개발),딥엑스 성남 분당구,"연봉 40,000,000원 - 100,000,000원","모델의 RTL IP 설계 및 IP 검증 가능자 - Language: Python/Perl, C/C++ [우대 조건] - ARM based SoC 설계... 검증 가능자 - Language: Python/Perl, C/C++ [우대..."
https://kr.indeed.com/viewjob?jk=78c8907f49ae8c52,Data Scientist 경력인재 - 글로벌 우량대기업,에스에프인촌 서울,,모바일·게임>빅데이터·AI(인공지능)>데이터분석|인터넷·IT·통신·모바일·게임>빅데이터·AI(인공지능)> Python|인터넷·IT·통신·모바일·게임>빅데이터·AI(인공지능)>데이터시각화디자이너|인터넷·IT·통신·모바일·게임...
https://kr.indeed.com/viewjob?jk=4741d262468f19da,[KSTEC] RPA 시스템 개발 신입사원,지식시스템 성남 분당구,,통신·모바일·게임>웹프로그래머>JAVA|인터넷·IT·통신·모바일·게임>웹프로그래머>.NET|인터넷·IT·통신·모바일·게임>웹프로그래머> Python|인터넷·IT·통신·모바일·게임>웹프로그래머>HTML·DHTML·mHTML
https://kr.indeed.com/viewjob?jk=9a6c884f82fc0cb4,클라우드 분야 경력,LG CNS 3.7 서울,,"Data Pipeline 구축 경험자 우대 ⑤ Powershell, Python 능통자 우대 ⑥ IoT/Bigdata/AI관련 경험자 우대 ⑦ 퍼블릭... 경험 우대 ④ Powershell, Python 능통자 우대 ⑤ IoT..."
https://kr.indeed.com/viewjob?jk=cd68968d43fee4d9,[Amazon] Data Center Operations Engineer,아마존웹서비시즈코리아 서울 강남구,,"CCENT / CCNA, 네트워크 +· 2년 이상의 서버 하드웨어 문제 해결 경험· 스크립팅 기술 - Bash, Python, Perl 등 보유자· 프로젝트 관리 경험· 유창한 한국어/영어 커뮤니케이션 능력 보유자아마존은..."
https://kr.indeed.com/viewjob?jk=23181b6977eeccbe,"딥러닝 솔루션 개발자 (이미지, 자연어, 시계열 데이터)",엔셀 성남 분당구,,모바일·게임>빅데이터·AI(인공지능)>인공지능(AI)|인터넷·IT·통신·모바일·게임>빅데이터·AI(인공지능)> Python|인터넷·IT·통신·모바일·게임>빅데이터·AI(인공지능)>머신러닝|인터넷·IT·통신·모바일·게임>빅데이터...
https://kr.indeed.com/viewjob?jk=5dbb6f2e6801272f,데이터 분석 및 지표 개발인력 모집,엔씨소프트 2.7 성남 판교역,,"험이 많고, 게임 시스템에 대한 이해가 높으며 서비스 런칭 경험이 있으신 분 - 데이터 분석을 위한 통계툴( Python / R / SAS / SPSS 등) 활용 가능 - 빅데이터 플랫폼(Hadoop / Hive / Spark..."
https://kr.indeed.com/viewjob?jk=81bcf60373954683,2021년 하반기 신입사원,비아이매트릭스 서울 강남구,,"후 지원해 주세요. (주)비아이매트릭스_자사양식.docx 지원양식 자사양식 직무/산업 직무별(직종) 웹프로그래머JSP, JAVA, Python 응용프로그래머전산전공, C 산업별(업종) 솔루션.ASP.소프트웨어 소프트웨어개발"
https://kr.indeed.com/viewjob?jk=e4e7e2e0d73f981f,Data Scientist,Barbaricum 경기도 평택,,"Tools, and Techniques Demonstrated proficiency with R or Python, and SQL to manipulate data and draw insights from large..."
https://kr.indeed.com/viewjob?jk=2b2dcd3ffe3d53df,카카오 데이터의 가치를 발굴할 데이터 분석가 모집,카카오 4.0 성남 판교역,,"기술 통계량 이해 및 해석) 데이터 분석 업무를 수행할 수 있는 언어 스킬 필수 SQL 필수 R 또는 Python을 다룰 수 있는 분 (SAS, SPSS, GA, tableau 등 통계 툴만 사용 가능한 경우 제외) 하둡..."
https://kr.indeed.com/viewjob?jk=0e8c9121e92a0c74,"웹개발 경력자 (Python Django, 연봉 4,500~8,000만원...",미라클핀테크 서울 서초구,"연봉 45,000,000원 - 80,000,000원","1) 전자 관련 학과, 정보통신 관련 학과, 정보보호 또는 정보처리기술 관련 학과 2) 경력 4년 이상 인터넷·IT·통신·모바일·게임>웹프로그래머>백엔드"
https://kr.indeed.com/viewjob?jk=20abdd225641e77a,"Software QA Infotainment Test Engineer,...",Tesla 경기도 성남,,"one or more scripting languages... Perl, Ruby, Python, or Bash Passionate about troubleshooting failures to determine..."
https://kr.indeed.com/viewjob?jk=bfaeba8c0f81b11c,Threat Hunter Team Lead,Ensign InfoSecurity 대한민국,,"programming and scripting, e.g. Java, .NET Programming, Python & PERL scripting, etc. Possession of excellent presentation..."
https://kr.indeed.com/viewjob?jk=89f3e10d77a126bf,Field Service Engineer,Nearfield Instruments 경기도 용인,,"troubleshooting. Preferably to have coding capability (Matlab, Python...etc... data analysis, visualization, and algorithm..."
https://kr.indeed.com/viewjob?jk=a238d65f69f7243a,웹 개발자,온오프링크 고양 일산동구,"월급 2,500,000원","Browsing - 프레임워크 개발 경험 - DB - Server* Back-end 개발자 - Java, php, python 등 - Linux - REST API 활용 경험자 - DB - Server - CDN 연동 [근무..."
https://kr.indeed.com/viewjob?jk=8b0ab14d618b6f94,동진쎄미켐 각 부문 신입 및 경력사원 대규모 채용,동진세미캠 경기도 화성,,"이상 - 전공 : 컴퓨터공학, 정보통신학 계열 - 우대사항 1) 전산 관련 전공 및 자격증 소지자 2) Python, JAVA, MS-SQL, 오라클 ERP 경험자 3) 어학 우수자 (영어) 0명 서울 본사 (상암..."
https://kr.indeed.com/viewjob?jk=74d9e045373f89e2,데이터분석 전문인력 채용 (Data Scientist),한화그룹 4.2 서울,,통계 등 관련 분야 석사학위 이상이신 분 2) 모집 직무 관련 업무경험을 3년 이하로 보유하신 분 3) Python 또는 R 등 분석언어에 능숙하신 분 전형 절차 1) 전형절차: 지원서접수 서류전형(7월 중) 1차면접(7월말...
https://kr.indeed.com/viewjob?jk=7dbaa95d22eacd29,"웹개발, 백엔드 외 경력 정규직",아이티엔제이 울산 남구,"연봉 40,000,000원 - 50,000,000원","경력(4년 이상 ) 학력사항: 대학교(4년)졸업 이상 직무기술: 웹프로그래밍, 응용프로그램개발, JAVA, PYTHON 기타: ㆍ다양한 업무를 신속하게 이해하고 도식화 할 수 있는 분 ㆍ고객의 소리를 듣는 귀가 지혜 있는..."
https://kr.indeed.com/viewjob?jk=0064deb5fa9cbce0,데이터 사이언티스트 모집,카카오 4.0 성남 판교역,,"양한 실험을 통해 알고리즘을 개선합니다. 지원자격 지원자격 하나 이상의 프로그래밍 언어에 익숙한 분( Python, Java, C/C++, Scala 등) 머신러닝/딥러닝 오픈소스를 이용하여 1년 이상 특정 서비스에 모델..."
https://kr.indeed.com/viewjob?jk=cae2de07045cfb2b,"Java, Python 영상툴 개발자",에이아이메이커 서울 마곡동,,원하면 가능) 담당업무 - 영상 라벨링 Tool 개발 - Tool 정확성 개선 자격요건 - Java - Python 우대사항 - 관련 개발 경력 - 툴개발 경력 근무조건 - 월~금 AM9:30 ~ PM18:30 복지...
https://kr.indeed.com/viewjob?jk=ce71ff104d7e911f,"[대기업] 딥러닝(AI) 영상분석(영상인식, 얼굴인식)",비에이블컨설팅그룹 서울,,공지능)>딥러닝|인터넷·IT·통신·모바일·게임>빅데이터·AI(인공지능)> Python|인터넷·IT·통신·모바일·게임>빅데이터·AI(인공지능)>데이터분석... 통신·모바일·게임>응용프로그래머> Python|인터넷·IT·통신·모바일·게임...
https://kr.indeed.com/viewjob?jk=ccd4f5407a32ba6a,Data Scientist,Boston Consulting Group 4.2 서울,,"analysis a plus, Programming... scripting exp.: eg. Python, C#, VBA, Java, Perl, etc. Experience in applied analytics..."
https://kr.indeed.com/viewjob?jk=be95b5718905880f,AI/빅데이터/클라우드 분야 (인재 Pool),LG유플러스 3.8 서울,,"의미한 인사이트 발굴 - R, Python, SQL 등 Statistics... 등)의 다양한 솔루션을 활용하여 서비스 개발 경험자 2) Java, Python 등 프로그래밍 개발 경험 보유자 3) Container 기반 서비스..."
https://kr.indeed.com/viewjob?jk=ce567ce19601c60f,SW② - AI 서비스 개발 전문가,LG전자 3.8 경기도 오산,,"가능 - IoT 기반 AI 서비스 구현 가능 2. 우대사항 - 관련 전공 석/박사 학위취득(예정)자 - Python, TensorFlow Framework 이해 가능 ※ 이전 공고 지원자 재지원 가능 지원자격 - 해외여행에..."
https://kr.indeed.com/viewjob?jk=48503549ae54060e,빅데이터 분야 인재,웨이플러스 제주 제주시,"월급 2,300,000원",통신·모바일·게임>빅데이터·AI(인공지능)>챗봇|인터넷·IT·통신·모바일·게임>빅데이터·AI(인공지능)> Python|인터넷·IT·통신·모바일·게임>웹기획·웹마케팅·PM>웹기획|인터넷·IT·통신·모바일·게임>웹기획·웹마케팅...
https://kr.indeed.com/viewjob?jk=8ebb79249fae744f,Data Engineer - IBM Garage,IBM 3.9 서울,,"Competitive products Deep skills on Data Warehouse, ETL, Python, Java and related algorithms. Expert Level – SQL, NoSQL..."
https://kr.indeed.com/viewjob?jk=8a3db4f640b539e3,[스타랩스] WEB 개발자 정규직,스타랩스 서울 강남구,,수 있습니다. 인터넷·IT·통신·모바일·게임>웹프로그래머>웹개발|인터넷·IT·통신·모바일·게임>웹프로그래머>JAVA|인터넷·IT·통신·모바일·게임>웹프로그래머> Python|인터넷·IT·통신·모바일·게임>웹프로그래머>백엔드
https://kr.indeed.com/viewjob?jk=dfd97435a0f37a60,SW① - Big Data 분석 / 모델링 전문가,LG전자 3.8 경기도 오산,,"러닝, 딥 러닝을 이용한 공정 데이터 예측 경험 2. 우대사항 - 관련 전공 석/박사 학위취득(예정)자 - Python, TensorFLow 등 ML framework 능숙 - C/C++를 이용한 알고리즘 구현 가능 ※ 이전..."
https://kr.indeed.com/viewjob?jk=36df1dfea186e63e,BIOS/Firmware Engineer,Intel 4.1 서울,,"years experience required on BIOS/Firmware - Knowledge of C, Python... other programming or scripting languages - Broad..."
https://kr.indeed.com/viewjob?jk=2b3ceb7170ce8335,대기업 카메라 ISP설계 SoC설계 및 검증,국내 대기업 / 3500억 매출 / 방송장비 제조업 성남 판교역,,"Language 필수, Python 가능 - Image Processing... 설계, System-Verilog 및 UVM 설계 - C/C++, Python 가능, Timing report 분석 가능(DC, PT) - 3년이상..."
https://kr.indeed.com/viewjob?jk=df1ca261998e19b1,디지털 로직설계,LG전자 3.8 서울 서초구,,컨트롤러 설계 경험 - System Verilog를 사용한 설계 경험 - FPGA 이용한 검증 경험 - Python 코딩 역량 보유자 3. 입사 후 담당 업무 - 메모리 인터페이스 컨트롤러 설계 업무 : 디지털 로직 설계 및...
https://kr.indeed.com/viewjob?jk=79304a56b5a6379b,Business Analyst,Numerix 대한민국,,"engineering related research. • Broad working knowledge of Python, Excel (inc. automation skills), Relational DBs, SQL..."
https://kr.indeed.com/viewjob?jk=02bcd7b6412d1db9,자율주행연구팀 연구사원 (신입/경력),소네트 대구 달성군,,"필수사항 - C / C++ / Python 언어 사용 가능자 • 우대사항... C++언어 사용 가능자 • 우대사항 - 운전 가능자 - JAVA / python 언어 사용 가능자 - 오픈소스 (OpenCV, ROS 등) 사용 경험..."
https://kr.indeed.com/viewjob?jk=87c135b3e853872d,(주)엘솔루 웹 개발자,㈜엘솔루 서울,,Stack 개발 유경험자. Javascript / React / Python / NodeJS 개발 유경험자 Node.js 개발 유경험자 HTML 5... ㆍJavascript / React / Python / 인터넷·IT·통신...
https://kr.indeed.com/viewjob?jk=cc3fcb3e135a6094,"차량용 Software Test 자동화 개발자(C, C++, Python...",링크제니시스 인천 서구,,직무내용] 모집분야- 연구개발담당업무- SW 테스팅 자동화 도구 및 스크립트 개발- 프로그램 분석 연구- 테스팅 자동화 환경 구축자격요건- 학력 : 초대졸 이상(졸업예정자 가능)- 경력 : 경력무관[우대조건]- 컴퓨터 활용...
https://kr.indeed.com/viewjob?jk=12aee20d54fbd438,[웹젠] 사내IT인프라(신입/경력),웹젠 성남 분당구,,"Terraform 등 운영 경험이 있는 분 - Powershell, Python, Bash,Batch 작성이 가능한 분 - L2,L3 네트워크 기본... 있는 분 - Powershell, Python, Bash,Batch 작성이..."
https://kr.indeed.com/viewjob?jk=1961a1ecccb03336,[NIT Service] 네이버 파이낸셜 플랫폼 운영,엔아이티서비스 성남 분당구,,"및 어플리케이션 배포 전략 지식 보유 - Shell script, python 및 web framework 등 기타 프로그래밍 언어 활용 가능... 보유 - Shell script, python 및 web framework..."
https://kr.indeed.com/viewjob?jk=b95d00f1145e5ef3,(광주취업맛집1위)2021년도 국비 기술교육생,대한상공회의소 광주인력개발원 광주 광산구,,통신·모바일·게임>빅데이터·AI(인공지능)>데이터분석|인터넷·IT·통신·모바일·게임>빅데이터·AI(인공지능)> Python|인터넷·IT·통신·모바일·게임>빅데이터·AI(인공지능)>머신러닝|인터넷·IT·통신·모바일·게임>빅데이터...
https://kr.indeed.com/viewjob?jk=1bf0770faeb6927a,"SW⑦ - OpenAPI, 클라우드 serverless 개발 전문가",LG전자 3.8 경기도 오산,,"설계 및 개발 경험자 3. 기타 사항 - 언어 : 영어 TS lv.5 이상 - Javascript, python, node.js, react.js, vue.js, MS SQL, Flask, Express, MS Azure..."
https://kr.indeed.com/viewjob?jk=9adbc290202846e1,[아이브릭스] 기업부설연구소 전문연구요원,아이브릭스 성남 분당구,,모바일·게임>응용프로그래머>JAVA|인터넷·IT·통신·모바일·게임>응용프로그래머>자바스크립트|인터넷·IT·통신·모바일·게임>빅데이터·AI(인공지능)>머신러닝|인터넷·IT·통신·모바일·게임>빅데이터·AI(인공지능)> Python
https://kr.indeed.com/viewjob?jk=35f72aeb142bceaa,[NIT Service] NAVER IDC 서버 운영/관리(춘천),엔아이티서비스 강원도 춘천,,"application 운영 경험 - Shell script, python 활용 가능 - 해외 데이터센터 인프라 구축 또는 운영 경험 - 국가보훈대상자... 경험 - Shell script, python 활용 가능 - 해외 데이터센..."
https://kr.indeed.com/viewjob?jk=32df0f890a9d577b,"드론솔루션 (아두이노 등 ICT SW, 드론 HW제작, 드론쇼핑몰)",탱고드론 성남 분당구,"연봉 25,000,000원 - 30,000,000원",어개발자|인터넷·IT·통신·모바일·게임>응용프로그래머>C·C++|인터넷·IT·통신·모바일·게임>응용프로그래머> Python|인터넷·IT·통신·모바일·게임>시스템프로그래머>임베디드(Embedded)|인터넷·IT·통신·모바일·게임...
https://kr.indeed.com/viewjob?jk=fb3c542f0048b0f9,Software Engineer,Roku 서울,,"languages: C/C++, Python Knowledge... 분 적어도하나 이상의 컴퓨터 언어에 대한 경험이 있는 분(C/C++, Python) 네트웍과멀티스레딩 프로그래밍에 지식이 있으신 분 Data..."
https://kr.indeed.com/viewjob?jk=99f64e23181ea24a,[부산 IT 무료 교육](디지털컨버전스)전자정부 프레임워크 기반 웹 개발...,아이티윌 부산교육센터 부산 부산진구,,통신·모바일·게임>웹프로그래머>백엔드|인터넷·IT·통신·모바일·게임>응용프로그래머>Android|인터넷·IT·통신·모바일·게임>빅데이터·AI(인공지능)> Python|인터넷·IT·통신·모바일·게임>빅데이터·AI(인공지능)>R
https://kr.indeed.com/viewjob?jk=918468d6e12a17e8,네트워크 엔지니어링,NHN 4.4 성남 판교역,,"관리 도구 개발/운영 - 관련학과 졸업 후, 경력 3년 이상 - 리눅스 환경 개발 경력 2년 이상 - Python, Django, Javascript 관련 개발 경험 - CCNA 또는 JNCIA 이상의 자격증 보유..."
https://kr.indeed.com/viewjob?jk=711f285ff8ff2fc7,백엔드 정규직,블루비커 서울 중구,,"서비스 신규개발, 유지보수, 최적화, 성능 개선- 기술문서 작성- 기획, 프론트엔드와 협업 [자격요건]- Python 혹은 .NET 전문성 보유- API, 데이터 통신 설계 가능하신 분- AWS/Azure Serverless..."
https://kr.indeed.com/viewjob?jk=9ab2041ab3380a21,카카오톡 안티어뷰징을 위한 데이터/백엔드 엔지니어 및 머신러닝 전문가 모...,카카오 4.0 성남 판교역,,"Engineer, Data Scientist 해당 분야에서 활용되는 언어 및 도구를 능숙하게 다룰 수 있는 분( Python, Scala, PyMC, PySpark, Tensorflow 등) 우대 사항 컨테이너 환경에서의..."
https://kr.indeed.com/viewjob?jk=07375dc4e800dfa9,추천 시스템 소프트웨어 엔지니어,카카오 4.0 성남 판교역,,"관련 업무 경험자 우대사항 운영체제, 네트워크, 컴파일러, 데이터베이스에 대한 이해가 깊으신 분 Python, C++, GPU 프로그래밍 숙련자 대용량/실시간 서비스 개발/운영 경험이 많으신 분 ICPC/TopCoder..."
https://kr.indeed.com/viewjob?jk=83ceb3ca58e3b671,빅데이터 분석 인력,인사이트마이닝 대전 유성구,"월급 1,850,000원","데이터 분석 등의 업무를 담당하게 됩니다.주로 사용하는 프로그램은 데이터 분석을 위한 오픈소스 기반의 R과 Python이며, 보고서 작성을 위해서는 한글, 강의 콘텐츠 개발에는 한글과 파워포인트입니다.데이터분석에 경험이 있으..."
https://kr.indeed.com/viewjob?jk=b3a6c83c9debcb92,네이버 파이낸셜 플랫폼 운영,NIT Service 성남 삼평동,,"Docker(kubernetes) 및 어플리케이션 배포 전략 지식 보유 - Shell script, python 및 web framework 등 기타 프로그래밍 언어 활용 가능 - 국가보훈대상자 및 장애인은 법령에 의거..."
https://kr.indeed.com/viewjob?jk=6206e87b9fdd1e51,Partner Technology Strategist,Microsoft 4.2 서울,,"languages: C++, C#, Java, Node.js, JSON, PHP, Perl, Python, Ruby on Rails, Pig/Hive; Migration Techniques, Resiliency 2+..."
https://kr.indeed.com/viewjob?jk=1748baa27965fdbf,"MVP 개발 엔지니어(서버, 웹프론트) (정규직, 계약직, 프리랜서)",더테스터 대전 중구,,1년 이상의 서버 개발 경험 · 아래 옵션 중 하나의 기술 스택 사용 - JAVA기반의 Spring - Python 기반의 Django - Ruby 기반의 Rails 우대사항 · 팀단위로 프로젝트를 수주해본 적 있는...
https://kr.indeed.com/viewjob?jk=a5a6083de84105cc,"C, C++, JAVA, PYTHON 프로그래머",휴먼디지엠 서울 구로구,"연봉 22,000,000원 - 26,000,000원","면접 후 결정 가능 [장애인채용희망여부] 비희망 [병역특례] - 비희망 [기타 희망내용] C, C++, PYTHON, JAVA 프로그래밍 잘하시는 분 인터넷·IT·통신·모바일·게임>응용프로그래머>C·C++|인터넷·IT·통신..."
https://kr.indeed.com/viewjob?jk=d2ecaccb26cd4a37,신경망 연구 개발자,에스알유니버스 서울 마포구,"연봉 40,000,000원 - 50,000,000원","신입, 경력(연차무관)학력사항: 대학교(4년)졸업직무기술: 딥러닝, Python, TensorFlow, openCV[우대사항]전공계열: 공학계열... 게임>빅데이터·AI(인공지능)> Python|인터넷·IT·통신·모바일·게임..."
https://kr.indeed.com/viewjob?jk=db9ecc3c3610b72e,펌웨어&소프트웨어 및 웹 프로그래머 경력사원,과학기술분석센타 대전 유성구,"연봉 30,000,000원 - 35,000,000원",앱 개발 - 환경측정장비 무선통신시스템 관리 및 유지보수 우대요건 - JAVA / PHP / HTML / Python 활용 가능자 - 안드로이드 모바일 앱 개발 가능자 [근무시간 및 형태] 주 5일 근무 (오전) 9시 00분...
https://kr.indeed.com/viewjob?jk=1b62babbbf2d717a,경험최적화 - 데이터 사이언티스트/분석가,Nexon 성남 분당구,,피처 탐색 등) - 게임 내 행동 패턴 로그 분석과 패턴 식별 및 이를 통한 서비스 개선 지원자격 - Python을 사용한 데이터 분석 및 모델 개발 경험 - 머신러닝 라이브러리 활용 경험 - 셀프 모티베이션과 원활한...
https://kr.indeed.com/viewjob?jk=43f8edb38c7888c7,[위메프오] 서버개발자(정규직),위메프 2.8 대한민국,,"데이터베이스 분산설계 및 미들웨어 개발 [자격사항] - 서버 프로그래밍 언어(PHP, Go, C/C++, Python, Java) 중 1개 이상 사용이 가능한 분 - 자료구조, 알고리즘, 분산처리 등 SW관련 기본지식 보유..."
https://kr.indeed.com/viewjob?jk=a22173d071050949,AI Scientist (NLP) (remote),MIND AI 서울 • 원격 근무,"연봉 40,000,000원 - 60,000,000원","field. * 3+ years programming experience, 2+ years in Python especially in teams. * Thorough understanding of programming..."
https://kr.indeed.com/viewjob?jk=2b7c67c7f1fe78ff,PI&CS Engineer (Process Information & Co...,3M 4.0 전라남도,,"manufacturing applications Experience in language like C#, Python, Java, Java Script(one or more) Be fond of learning..."
https://kr.indeed.com/viewjob?jk=c39d18040425ef53,PostgreSQL 운영 및 데이터베이스 관리자 모집,카카오 4.0 성남 판교역,,"청하고 잘 이해하는 분 Database 운영 유경험자 ( PostgreSQL 운영 경험이 있으신 분 우대) python, go, bash 등 개발 경험이 있는 분 우대 클라우드 환경의 DB시스템 구축 및 운영 경험이 있는 분..."
https://kr.indeed.com/viewjob?jk=4e07fa4e46af74a9,[신규프로젝트] 차세대 콘솔 TA 모집,엔씨소프트 2.7 성남 판교역,,Shader 제작 Skill - 프로젝트 개발 전반에 걸친 성능 분석(Profiling)Skill - Python등 개발언어 활용 능력 제출서류 포트폴리오 (필수) 전형단계 서류전형 1차 면접 NCTEST 2차 면접 처우협의...
https://kr.indeed.com/viewjob?jk=387c6b57b19a4825,[다음포털] 카카오 콘텐츠 데이터(엔지니어/사이언티스트/모델러) 모집,카카오 4.0 대한민국,,"및 인사이트 도출 모델 평가를 위한 평가 지표 개발 지원자격 팀 커뮤니케이션이 원활하신 분 R, Python으로 능숙한 프로그래밍이 가능하신 분 TensorFlow/Keras, PyTorch, sklearn, Spark..."
https://kr.indeed.com/viewjob?jk=87309d3ff40ead61,딥러닝 AI 개발 연구원,베이리스 성남 수정구,,시스템프로그래머>임베디드(Embedded)|인터넷·IT·통신·모바일·게임>응용프로그래머>C·C++|인터넷·IT·통신·모바일·게임>응용프로그래머>Linux|인터넷·IT·통신·모바일·게임>빅데이터·AI(인공지능)> Python
https://kr.indeed.com/viewjob?jk=a7d0ff1393734056,ESS분야 PMS AI SW개발 경력자,LG전자 3.8 서울 금천구,,"W 개발 3년 이상 ※ 딥러닝 Open-Toolkit(텐서플로, 파이터치 등) 활용 경험 우대 사항 - Python을 이용한 data preprocessing 능력 - 다양한 머신러닝 알고리즘 사용 경험 - 2종 이상의 딥러..."
https://kr.indeed.com/viewjob?jk=004c122239de8ae2,퀀트연구원 Quantitative Researcher,디에스파트너즈그룹 서울,,파트너즈그룹 정대석대표입니다.아래와 같이 우수 인재 영입건 있어 공지하오니 관심 있으신분 연락바랍니다. 인터넷·IT·통신·모바일·게임>ERP·시스템분석·설계>데이터분석|인터넷·IT·통신·모바일·게임>응용프로그래머> Python
https://kr.indeed.com/viewjob?jk=5dbb6f2e6801272f,데이터 분석 및 지표 개발인력 모집,엔씨소프트 2.7 성남 판교역,,"험이 많고, 게임 시스템에 대한 이해가 높으며 서비스 런칭 경험이 있으신 분 - 데이터 분석을 위한 통계툴( Python / R / SAS / SPSS 등) 활용 가능 - 빅데이터 플랫폼(Hadoop / Hive / Spark..."
https://kr.indeed.com/viewjob?jk=62bffb03eadfcc20,[해외취업] 일본 IT 엔지니어,금강글로벌탑 부산 초량동,"연봉 35,000,000원 - 150,000,000원","요업무내용 -SQL데이터 추출 - Python/R에서의 데이터 가공, 예측모... 인공지능에 기초한 화상분석 시스템 구축 그 외 자격요건 -SQL, Python, R 중에 사용 가능한 분 -업무시스템 설계에 기초지식이 있는 분..."
https://kr.indeed.com/viewjob?jk=b574f1454ae36aab,Cross Border Ecommerce - Business Intell...,Shopee 서울,,business analyst related roles Proficient in SQL and Python Strong analytical skill and sensitivity to data Strong oral...
https://kr.indeed.com/viewjob?jk=71c47ac87bb4087e,기술 인턴 인공지능 응용 연구/개발 인턴,써로마인드로보틱스 서울 관악구,,"6개월) (협의) *모집 절차: 서류 à인터뷰(오프라인) *지원 자격: 프로그래밍 언어 활용 능력: Python, C, C++ 중 1가지 이상 데이터구조, 알고리즘 과목 이수 머신러닝과 딥러닝의 기본 개념 이해 머신러닝..."
https://kr.indeed.com/viewjob?jk=81bcf60373954683,2021년 하반기 신입사원,비아이매트릭스 서울 강남구,,"후 지원해 주세요. (주)비아이매트릭스_자사양식.docx 지원양식 자사양식 직무/산업 직무별(직종) 웹프로그래머JSP, JAVA, Python 응용프로그래머전산전공, C 산업별(업종) 솔루션.ASP.소프트웨어 소프트웨어개발"
https://kr.indeed.com/viewjob?jk=e97e5ff34697d5a9,[KRAFTON] 음성 (TTS/STT) 딥러닝 엔지니어,PUBG 서울,,험을 보유하신 분 독창적인 기술 제시 및 문제 해결을 위한 프로그래밍 능력을 보유하신 분 (C/C++/ Python/shell 등) 오픈소스 기반 딥 러닝 프레임워크 활용 능력을 보유하신 분 (PyTorch/TensorFlow...
